id,title,game,text,label,notes
g001,"how do u guys beat bosses?",Black Myth: Wukong,"this game is just as bad as sekiro it feels liek the game is not meant to be beat. do u guys watch boss moveset videos on youtubve or something???",impressionistic,"Short, emotional rant; first-person experience; no structured evaluation"
g002,"Re: how do u guys beat bosses?",Black Myth: Wukong,"yeah lol",impressionistic,"Minimal content; casual agreement; purely experiential"
g003,"Re: how do u guys beat bosses?",Black Myth: Wukong,"bruh",impressionistic,"One-word reaction; emotional response"
g004,"Re: how do u guys beat bosses?",Black Myth: Wukong,"did watch almost every time

try to change the mindset and -learn the boss pattern- instead of stressfully try to beat it.",analytical,"Gives strategic advice; explains how to approach boss fights"
g005,"Re: how do u guys beat bosses?",Black Myth: Wukong,"bro.....",impressionistic,"Frustrated reaction; no analysis"
g006,"Re: how do u guys beat bosses?",Black Myth: Wukong,"In fact, this game seriously tells the stories of Chinese mythology and fulfils the great sage dream in our hearts, so this path is bound to be tortuous and definitely challenging.",analytical,"Explains why difficulty exists from a narrative/design perspective"
g007,"Re: how do u guys beat bosses?",Black Myth: Wukong,"Learn their patterns and use them against them. Every boss has an opening. Don't be too greedy.",analytical,"Concise strategic advice; explains game mechanics"
g008,"Re: how do u guys beat bosses?",Black Myth: Wukong,"Just dodged and beat them down. Depending on the boss I might be a bit more passive and evasive earlier in the fight to initially learn its moveset for like 30s to a minute before being more aggressive. I may dial it back briefly if I see any major behavioral/attack pattern changes when their health gets low, too.

Other than that just don't be reckless and greedy for dmg, don't tunnel vision and properly observe their attacks. Beat most of them first try, about 90% or so of the bosses. And of course, using proper tactics.

A few examples of tactical awareness:

- Not using clones at the start of a fight so you can race to not have them during the hardest part. Who are you even DPS racing against anyways? Yourself? Save clones until the last 40% health or so of the fight to help secure victory for most fights rather than wasting during the easiest part. This means to make sure you reserve enough mana for its use, though.

- Transformations can be used multiple times a fight depending on the transformation, but some may only likely get used once. That once should also be at the end of a fight in most cases, but not always. This is doubling up on the clone tactic. Suddenly near end of fight and low health? Transform to get a full free healthbar to avoid their deadly attack if decoy isn't ready or you think their current attack pattern is too dangerous to heal during. You can revert after dealing your free dmg in that form or when you know it is safe moment to get that heal off. If you did your clone tactic already and the boss is still barely alive it might be the surefire key to winning rather than risking a heal by continuing to press maximum offensive focus. An example of where you might transform earlier in a fight is the laser boss in the prison that warps around at the start. The fire form has a dash skill that lets you rapidly chase and deal free dmg, forcing its teleport, rinse and repeat until it gets anchored in place in the next phase. You can use those consumable items to recover the cooldown on it to use it multiple times for particularly hard fights if need be.

- Vessels can be used to stunningly unfair advantage on bosses. The fan is a well known one for certain bosses you will find out later in the game, like Erlang, the guy with the hand head, etc. The Bell is often neglected but among the most powerful. It's not the dmg reduction portion that is strong, though it is pretty nice too. It's the knock down interrupt that can instantly end most boss attacks in the game and knock them down allowing you to negate their big dangerous attacks or wombo-combo stunlock them combined with other knock downs from multi-focus heavy attacks and spirits. Combined with the spinning staff method to rapidly recharge all three (focus for heavy attacks & Qi for spirits + vessels) you can get some pretty absurd chained stuns off on a boss. Plus, some bosses it trivializes and people forget about it's wind removal effect like the famously hated Dear boss with its tornadoes that the bell actually outright disables but people constantly forget. The flame cloak can make one of the harder bosses, Bishui, which people often force to the ice form in 2nd area to make easier than fire and still find the boss hard... when in reality, you can keep it in the 1st area and just use the flame cloak to massively negate its dmg while getting free focus and spam the cloak constantly with the recharge staff spin method. Suddenly, a hard boss is trivialized.

- Some bosses like Yin Tiger expect different tactics/approaches and will punish you if you are completely inflexible and unwilling to learn / adapt.

- Others like the floating dragon in early chapter 3 or the giant chicken optional boss get a lot of hate for their ""hitboxes"" being bad but the reality is the players are literally just missing them entirely. They're intentional designs make them harder to hit if you just blindly attack. The dragon is a small floating kind of dot from the front, and a lot of Wukong's attacks will be too low and horizontal to hit. Alternatively, if you get to the side it's more like a horizontal line so you need to use vertical attacks like the smash attack. As another solution you can focus on thrust attacks to directly aim for the head. The same goes for the chicken with its deceptive visual illusion of range due to size and skinny angled legs. It frequently steps back causing many attacks to whiff for those not paying attention, especially with its leg shape and the sizing throwing sense of distance off. The camera only targeting the head is the icing on the situation. Instead, either opt for horizontal attacks while making sure you are close enough, or very long vertical attacks to reliably hit the head (aka focused smash, preferably), or simply use thrust stance. Alternatively, attack from the side where a lot of it's design tricks are negated.

- Immobilize is often blown for extra dmg, but it's real trick is to let you get very easy free staff spin hits in so you can rapidly recharge focus, spirits, and vessels all at once for more exploitation in combat, while still getting pretty adequate dmg from the staff spin.

- Decoy is super overpowered, but not everyone recognizes it or uses it properly. Sadly, it completely surpasses deflect, plus 3-4 focus heavy attacks already accomplish what deflect can with the right perks... It is very short CD compared to most abilities, very versatile, can be used to perform multiple feats at once, but must be properly considered for its mana usage which is over time and not a one cast cost. Often, you see people wasting it for the super tiny micro flinch effect rather than getting heavily boosted smash attacks, spirit attacks with tons of free critical chance added, buffing, summoning clones, healing, or multiple actions, not to mention a free get out of jail from hard to avoid attack / low health card.

- A bit of observation will make it clear that pillar stance is slower and weaker than the other two most of the time, unless you are specifically using it to avoid an attack that wont hit you while on it because you're bad at that enemy, which is unnecessary but a fine crutch for those who need it. Thrust can be used with charge attack spam for safe-ish hit and run tactics. However, the real prime stance is smash which has a fast animation (much faster than pillar, slightly slower than thrust), fast charge time, the highest scaling damage of all stances (yes, they're not equal on any of these points mentioned), good tracking, and a huge dmg reduction /tenacity boosting perk.

To be clear, the ironbound resolve skill's passive boost on specifically charged heavy attacks is so powerful that you can straight face tank trade bosses and 1) It interrupts almost all boss attack follow-ups and staggers them 2) It grants very high tenacity (aka interrupt resistance) 3) the dmg reduction is very very high, while you still get to nuke bosses 4) Only smash stance gets it. Once you learn this factor, and particularly when using Pilgrim / Centipede sets you'll find you 1-focus (sometimes 2-focus) all trash mobs instantly killing them and can nuke bosses very fast while focusing on an evasive observational playstyle. While you're charging your attacks you are ready to react/dodge and are often at a distance, aka not in range to be hit by most types of attacks, unlike normal attack patterns so it is actually loosely adopting Thrust's benefits but you get to keep your mobility, and you would be surprised how much can be avoided by simply running without a dodge. If you need to dodge the final perk in the smash tree lets you keep all charging focus on a perfect dodge. Factor in that the varied combos do relatively poor overall DPS compared to charged smash attacks, put you at risk being so close constantly and locked in animation during enemy attack, don't get some of the best buff effects in the game, and even the varied combo heavy attacks have weaker dmg/stagger/knock down ability and no dmg reduction mean you ultimately learn that just using charging focus and smash attacks for most of the game is overwhelmingly more effective, followed by thrust charging as an alternative weaker solution.

- Spirit choice, especially with staff spin recharging method, can also be hugely impactful depending on approach/boss but is often neglected until they learn its value at the final (optional) super boss, aka the literal end of the game... usually because some YouTube video probably taught them the method they didn't realize.

This is just to list a few tactical solutions and observations that often go neglected.

Sekiro aside, most of FROM's other games are also very tactical approach oriented which would trivialize a lot of their difficulty but often gets neglected.

So, for me, it wasn't an issue but it depends on who you ask, naturally. Some are more aware and prone to adapting than others, while others will use the same basic approach no matter what from start to end until, or at least until forced to change due to total non-progress.

While I've not had issues with the bosses, I do think YouTube makes sense for anyone stuck on a particular boss to see if their approach is wrong (possibly their approach to combat in the entire game might be wrong and they can learn from it), but I don't think it is likely necessary for most people. This game is a bit harder than much of FROM's games, but somewhere comparable to Sekiro, a bit harder perhaps. It's not that bad.",analytical,"Extremely long, detailed tactical breakdown; explains how and why game mechanics work; includes comparisons to FROM games"
g009,"Re: how do u guys beat bosses?",Black Myth: Wukong,"0/10 award bait. There is only a couple of decent bosses, rest is easily spammable. Its the easiest souls like ever made",critical,"Delivers a verdict/score; evaluates quality; structure is evaluative"
g010,"Re: how do u guys beat bosses?",Black Myth: Wukong,"One of the first upgrades you can get restores your health for each focus point you use. Another early upgrade lets you do counter attacks with the light into heavy follow-up attack so long as you have at least 1 focus point, making you invincible, does excellent damage, can stagger enemies and interrupt them, as well as refunding the focus point if you time it right. That's your bread and butter as early as having 2 skill points in the beginning of chapter 1.

Spirits can stagger bosses, deal great damage, are not on a cooldown timer but instead on a meter you fill by doing damage. Those can be used to interrupt or pressure bosses. There are other stuff you can do as well as you progress.",analytical,"Explains game mechanics and upgrade strategies; focus is on how the game works"
g011,"Re: how do u guys beat bosses?",Black Myth: Wukong,"I do this. Just study for a couple fights to learn.

Only boss i looked up on youtube was Yellow Loong. He was a pain.",impressionistic,"Personal experience; shares subjective struggle"
g012,"Re: how do u guys beat bosses?",Black Myth: Wukong,"bro i made a joke thread and ya'll literally been watching youtube to beat bosses

ya'll make me not wanna finish teh game at all and im stuck in chapter 1 with the bald fat dude",impressionistic,"Emotional/frustrated personal reaction; no evaluation or analysis"
g013,"Re: how do u guys beat bosses?",Black Myth: Wukong,"You've only played this game then.

Dark Souls 1-3 and Elden Ring all can literally 1-shot all the bosses, have large numbers of skills that uber nuke and stunlock bosses, has far more accessible absurd EHP (effective health points, aka tanking ability), and more cheeses then perhaps any other game. Don't even get me started on the basic mobs that can almost all universally be stunlocked even at level 1 with a dagger until they die.

I do like those games, hence my beating them all at level 1 +0 upgrades multiple NG+s, etc. but you're being ridiculous with your claim. The only souls-like games that are in the same difficulty category are going to be Sekiro, and of course Ys at higher difficulties smashes them both.


You're stuck on the bald monk? Seriously?

I jest, it's a rite of passage. He's actually one of the harder bosses in the game, because his damage is very high for how early you encounter him compared to most bosses, you aren't experienced with the game yet, and your lack of abilities/fight options yet.

He can be beaten that early, definitely. Took me 3 tries as one of the bosses I actually died against, but took some people literal hours (somehow?) and then they found many others much easier after.

A tip if you didn't already find it, but there is a fire transformation from a nearby boss from the shrine facing towards the bald boss west of it. That form has its own separate full health bar and you can spam the dash move for avoiding dmg and higher dps than the basic attacks.

You can tagger the boss with either 2 focus attacks or the varied combos heavy attacks.

Alternatively, honestly if you just are annoyed with that boss go past it and come back later when you are a lot stronger. All you have to do is before you ring the 3rd bell unlocking (warping you) the secret area is to beat this boss. If not mistaken, you might be able to do it at any point of the game, but not 100% so I recommend just doing it before chapter 1's final boss the giant flaming bear > beat bald monk > ring 3rd bell and go to hidden temple and beat gold bald monk > then beat flaming bear.

The bald monk, Wandering Wright, is the strongest spirit in the game btw, but not early on. Early it's just okay. It's real strength comes as you get Cloud Step upgraded to give the huge crit chance boost (up to +50% on next single hit attack) and when also used with other buffs like Pigrim Set, etc. attack dmg boosts. It can nuke bosses and 1-shot them even. Early on while it is still not that strong it can be great at doing a nice boost of dmg and interrupting/knocking down bosses in the middle of their attacks. It can also break some cracked walls unlocking secrets...

The gold monk is much easier btw, almost impossible to lose to due to a special armor you get for that boss that lets you infinitely heal.",analytical,"Primarily tactical explanation and advice; also includes some comparison to other games but dominant structure is explaining how to play"
g014,"Re: how do u guys beat bosses?",Black Myth: Wukong,"and he is not even hard...",impressionistic,"Subjective personal opinion; no analysis"
g015,"Re: how do u guys beat bosses?",Black Myth: Wukong,"Dude, Black Myth: Wukong is an RPG. You are meant to use the fat dude to power up before the snek. Just run past him and come back after you get some more abilities.",analytical,"Explains game design intent and strategy"
g016,"Re: how do u guys beat bosses?",Black Myth: Wukong,"Ohhhhhhhhhhh i was supposed to skip him lol

okay i've finally passed the area after being stuck for a year.",impressionistic,"Personal realization/experience; no evaluation"
g017,"Re: how do u guys beat bosses?",Black Myth: Wukong,"wow, okay so the wolf boss was actually beatable.",impressionistic,"Personal reaction; subjective experience"
g018,"Re: how do u guys beat bosses?",Black Myth: Wukong,"I always laugh when I see people lying out their ass talking about how easy a soulslike is and then you go to see if they've even finished the game and their profile is private hiding that ♥♥♥♥ so you can't fact check them. What a joke.",critical,"Evaluates the credibility of others' reviews; delivers a judgment"
g019,"Re: how do u guys beat bosses?",Black Myth: Wukong,"why do you talk like you have nothing left to lose in life? it was not I that condemned you to bottom of the society. please stay off the internet and do not ever talk to me again.",impressionistic,"Emotional personal attack; no game analysis"
g020,"Re: how do u guys beat bosses?",Black Myth: Wukong,"Check every nook and cranny. I recommend using a guide/looking up missable content. That way you can explore, but not feel like you made a mistake. Feel free to google a quest or key item if you get stuck. The key to this game is experimentation. I ran across a traditionally bad spell that doesn't work with smash, and I re-specced into thrust to use it. I's my main build now. You really should look up quests before you leave chapters, because these quests can unlock much more powerful transformations and items. Try to avoid spoilers though.

The Soulslike community is insecure. Most of them could never complete XCOM 2 on Ironman or Halo 2 legendary. Feel free to ignore them. The devs provided plenty of tools for RPG heads to easily beat the game (minus act one hell). Feel free to use them.",analytical,"Provides strategic advice and explains game systems; explains why and how to approach the game"
g021,"Re: how do u guys beat bosses?",Black Myth: Wukong,"I think you're supposed to hit them with the stick a bunch, but I only just started playing yesterday.

Elden Ring is the only particular Souls-like I've dove into, and frankly it IS an easy game if you take your time and actually use all the mechanics available to you. Every fight in the game can be cheesed multiple ways, even Malenia. You can shut down waterfowl dance with pots and not even bother learning how to dodge it reliably. If you want difficult, beat DMC3 on Dante-Must-Die mode with without using any of the infinite devil-mode costumes.",comparative,"Primarily compares difficulty of Elden Ring and DMC3 to frame the discussion; structure is organized around comparison"
g022,"Re: how do u guys beat bosses?",Black Myth: Wukong,"Pump the brakes there little buddy, that was actually directed at other responses on page 1.",impressionistic,"Meta-commentary; no game analysis"
g023,"Re: how do u guys beat bosses?",Black Myth: Wukong,"I'm assuming you're referring to me or P.Drillah, but I can't tell for sure which since all of us have private profiles, like you do. :P

If you're saying you don't believe about Elden Ring

I also did the DLC on that same character, 100%ing both. This is my first character, when the game released, too. Did same on Dark Souls 3 into NG+6, Code Vein, etc.

I'm hoping you meant the other guy though because my detailed comments, tips, etc. should be kind of telling...",comparative,"Structured around comparing credentials/accomplishments across games to validate credibility"
g024,"Re: how do u guys beat bosses?",Black Myth: Wukong,"I know this is a troll topic , but for a serious answer to anyone finding the game hard.

The main key to this game seems to be understanding that there is no input queue, and more importantly, that you cannot cancel out of animations.

So for example in most games you would mash light attack with mechanics like this game has, and then when you see an attack you want to dodge, simply stop mashing attacking and press the dodge button with the direction you want to dodge. In most games the attack animation would be cancelled and you would start dodging. In this game you will get pummeled doing this as your light attack animation has to finish before you can dodge.

Hence in this game you should only be pressing light attack again (or whatever input you want) as the animation for the prior button is ending, otherwise if you see the need to dodge you will not be able to and you will find the game much harder then it actually is. Personally i'd prefer them to allow animation cancelling, but the game wasn't designed with that in mind and likely would trivialize a lot of it, as it was designed around these animation locks.",analytical,"Explains core game design mechanics (input queue, animation canceling) and why they affect difficulty; focus is on understanding how the game works"
g025,"Re: how do u guys beat bosses?",Black Myth: Wukong,"The precise amount of runes makes this look completely illegitimate. I realize you COULD go out of your way to purposely end up with only those runes, but it also could easily have happened because the run was done via CE or WeMod. Screenshots prove nothing in this instance, a video fighting the Elden Beast would at least prove that was done legit.",critical,"Evaluates the credibility of someone's claims/evidence; structure is judgment-based"
g026,"Re: how do u guys beat bosses?",Black Myth: Wukong,"Uh, those runes are from the final boss.

It's how many he drops, because I died before them and I don't bother hanging onto misc runes I'm not using and own hundreds (mostly max amount) of all buyable items, own all limited quantity items, and have looted / beaten everything in the game. It's a 100% clear character, plus there is the farm in the underground blood area so I just basically don't care about souls I lose. So yeah, it's just the boss' reward souls which is exactly that amount.

Elden Beast drops 500,000 souls

Here is my NG+6 level 26 with +2 weapons character in Dark Souls 3

Here is me on the same character back in NG+5 with a large abundance of random amount of souls (not including the millions I can get from the consumables I had):

Pretty well known one, too, as you can find in that sub's forums. I used to troll people with super OP normally easy bosses by summoning them to OP versions of Vordt, Tree boss, etc. or most fun was a super disgustingly overpowered Mad Spirit Hodrick in the swamps when I hosted PvP. Oh, and popping a seed and watching everyone die was also hilarious. I was also known to help other people's NG+7 normal characters using this weak character for fun, and even PvPing level 120 (or above) characters using this weak character. I'm well known in both DS3 and Elden Ring community.

I do stuff like this in plenty of other games, too.

Code Vein Lv1 for entire game and all the often considered imbalanced DLC

Tales of Arise - did all the post game bosses except the super dungeon which can't be accessed early no matter what.

I probably wouldn't have screenshots like this if I were cheating:

Again, I'm well known in those communities because I already provided an immense amount of tips for PvE, PvP, builds, tactics, mechanics, etc. in them.

But yeah, I didn't cheat and having a private profile doesn't mean a person cheated. I'm pretty clearly providing in-depth tactical info in this thread about this game, too. It should be extremely obvious and, no, I'm not going to go install the game, record video by rebeating to the final boss dozens of hours later again, and then upload it to prove a nonsensical point to some random person.",analytical,"Structured around comparing achievements across multiple games (Elden Ring, DS3, Code Vein, Arise) to prove credibility"
g027,"Re: how do u guys beat bosses?",Black Myth: Wukong,"Got me there...apparently Steam got heavy handed with privacy at some point. Public again for all to see what games I've abandoned, what I've done well with, and what I'm working on since none of it matters in the end. Working on platinuming this game but good god does it suck ass going through it a second time. The first time was hard as hell, the second time is trivial because I'm using the same Erlang strategy which ends up clowning on every boss now.",impressionistic,"Personal experience/reflection; subjective reaction to NG+ difficulty"
g028,"Re: how do u guys beat bosses?",Black Myth: Wukong,"Yeah, the second run victory lap is a really crazy shift. It starts picking up again in later NG+s either forcing basically no dmg runs or using heavy dmg reduction since armor, alone is not enough... but that scaling is really quite extreme.

Some people seem to like it, though I'm not a fan since it removes a lot of the fun. Wish it scaled more like Code Vein's.

I kind of wish it had a NG+ option that reset everything but level and spirits, so you can try more build variety on new runs but avoid OP weapons/armor/OP healings.

Part of the issue, though, also could be you're just way better at the game and hit a clicking point where you just went boss mode. Could be fun to see how a fresh NG run works out with the knowledge/experience, but... having to do 3 runs just to get everything might burn you out before then... >.<",analytical,"Analyzes NG+ scaling mechanics and compares to Code Vein; explains why and how the game works at higher difficulty levels"
g029,"Re: how do u guys beat bosses?",Black Myth: Wukong,"Bruh, whaddup.",impressionistic,"Casual greeting; no content"
g030,"Re: how do u guys beat bosses?",Black Myth: Wukong,"I'm on NG+... 8 I think? Never once watched any videos on how to fight.

Stop fighting how you want to fight and fight how the game requires you to fight.",analytical,"Advises on approach to combat; explains mindset needed"
g031,"Re: how do u guys beat bosses?",Black Myth: Wukong,"every boss has a weakness.. this is a puzzle game.... like any other souls game.. you have to put the pieces together and adapt ..",analytical,"Explains game design philosophy; teaches approach"
g032,"Re: how do u guys beat bosses?",Black Myth: Wukong,"On my first run I only stuck at Erlong, but after some tries I've beat him. However, I simply can't win in gauntlets challenges for now on ng+, wandering wight just 2 shot me lol",impressionistic,"Personal experience; subjective struggle"
g033,"Re: how do u guys beat bosses?",Black Myth: Wukong,"Bout pattern recognition and waiting for proper openings to do damage. Its a LOT easier than sekiro honestly but you gotta keep track. use skills at the right time and all that. Find the enemy's weak point and make em suffer for showing it.",comparative,"Direct comparison to Sekiro; structure is organized around comparing difficulty levels"
g034,"Re: how do u guys beat bosses?",Black Myth: Wukong,"For me, it means trying over and over and if I fail, I try again the next day. Eventually you will get it. You just have to keep trying. It really is all about memorizing what the enemies can do and reading their attacks through animation. It can be very tough.",impressionistic,"Personal philosophy/approach; subjective experience"
g035,"Re: how do u guys beat bosses?",Black Myth: Wukong,"If the fat bald dude you mean is the wandering wight boss he drops the best spirit in the game because of its high damage attack and it is highly effective against most bosses except big tanks ones like the stone family bosses or the giant deer in chapter 6.
Although most players don't realise this but you can actually skip the wandering wight boss entirely by simply walking past him and entering a tunnel which leads to the next area, if you mean the Elder Jinchi boss he is not a boss you have to do either and is the secret boss of chapter 1 and is not required to progress through chapter 1 either as you can see by going to a shrine, selecting travel, and going to black wind mountain where you will see "" Secret: Ancient Guanyin temple"" and actually if you do this on any of the chapters you can check if you've found the secret area by seeing if there is ""Secret:"" before the subtitle. And secret areas are not required for the story at all although it is highly advised to do the chapter 1, chapter 2, and chapter 4 secret areas in order to get the fire vessel which you can use to completely evade all fire attacks in the game and is almost essential for chapter 5 where almost every enemy and area either has fire or lava and in chapter 2 you can get the wind tamer vessel to cancel out the yellow wind sages tornado attack when he says ""let the dust fly"" or whatever he says and then the outskirts of the arena get covered in a wall of dust surrounding the entire arena. And you can get the weavers needle vessel in chapter 4s secret area which will cancel out the 100 eyed daoist masters golden domain expansion move when he has about 1/3 health left and when you complete chapter 5 and move onto chapter 6 you will automatically get the plantain fan vessel which is probably the best vessel in the game and causes constant unblockable/undodgeable stun to the enemy while it is active and can cancel out the supreme inspectors giant fire ring move when he is at half health in chapter 6 and you do not need to do the secret areas when you are on the chapter they are in and I even left chapter 5s secret area until I finished the game.
So you do not need to do either of the big headed baby bosses in chapter 1 to progress and also I don't watch videos on how to beat a boss I only google how to beat a boss to know what gear to use.
Good luck, you'll need it with the Erlang fight.",analytical,"Extensive explanation of game mechanics, secret areas, vessels, and boss strategies; focus is on teaching how the game works"
g036,"Re: how do u guys beat bosses?",Black Myth: Wukong,"no i fight the boss and learn as i play",impressionistic,"Personal approach; subjective"
g037,"Re: how do u guys beat bosses?",Black Myth: Wukong,"I need to read through this thread more carefully. I'm stuck on the boss that turns into an element. Don't want to spoil if people haven't gotten there yet, but it's real tough. There's a lot of electricity.",impressionistic,"Personal struggle; seeks help"
g038,"Re: how do u guys beat bosses?",Black Myth: Wukong,"Seems like a Loong. Perfect dodge is your best friend.",analytical,"Strategic advice; explains what the boss is and how to beat it"
g039,"Re: how do u guys beat bosses?",Black Myth: Wukong,"There are a lot of lighting dragons in the game, aka Loong dragons as BGL hinted. You might want to give more info.

If you want there is a spoiler tag you can use next to Post Comment button click formatting help.",analytical,"Provides game knowledge and practical advice"
g040,"Re: how do u guys beat bosses?",Black Myth: Wukong,"this ♥♥♥♥ is cake compared to sekiro lmfao",comparative,"Direct difficulty comparison to Sekiro"
g041,"Re: how do u guys beat bosses?",Black Myth: Wukong,"git gud",impressionistic,"Meme response; no analysis"
g042,"Re: how do u guys beat bosses?",Black Myth: Wukong,"the only boss who gave me any problem was that secret tiger boss",impressionistic,"Personal experience; subjective"
g043,"Re: how do u guys beat bosses?",Black Myth: Wukong,"gitgud",impressionistic,"Meme response; no analysis"
g044,"Re: how do u guys beat bosses?",Black Myth: Wukong,"The boss I'm fighting is the",impressionistic,"Incomplete; personal"
g045,"Re: how do u guys beat bosses?",Black Myth: Wukong,"I never tested on this boss, but I assume like most bosses lightning attacks are genuine lightning dmg. So you can mitigate the threat by going to the village, if you did the quest to unlock it during this chapter, and speak to Alchemist to reallocate your pills into lightning resistance. This coupled with armor (if you want a specific armor upgrade it at Yin Tiger in same village) and any buffs can dramatically reduce damage.

First, having around 300~350 defense is approximately 50% dmg reduction. Having 100 Lightning is 50% reduction for that, or coupled with defense 75% reduction total. Hint, not worth pushing past that. At around 1.5k defense is another 50% reduction, or aka 75% reduction vs no reduction while 1000 lightning (the only element this can be achieved on with Golden Lining transformation) does the same but scales a bit faster as you can see.

Now, realistically, you're not going to hit 100% lightning, but you might be able to get somewhat close or at least 50%.

So with these two reductions, you can throw some lightning/debuff resistance pills and further thwart the lightning status effect which causes you to take more dmg thus decreasing dmg in three ways. You can further reducing dmg with the Vessel bell from chapter 2's secret area (go get it if you don't have it, it also does a very strong stun on bosses interrupting their attacks/knock down). Ring of Fire can further reduce dmg if you want, and some curios/pellets do the same though I forget what ones you have by that point in NG.

However, all of the above isn't super needed with this other tip.

If you haven't gotten it there is a slightly hidden quest in chapter 3 that unlocks a new magic called Spell Binder. This is a physical dmg oriented buff that disables magic/vessels/spirits in exchange for a large offensive physical staff oriented boon. It scales harder based off your max mana at the time of casting. The ability is useful for this boss because he is susceptible to charging smash attacks as they bypass his golden form avoiding being recoiled and break his shield.

Further, he only does his golden form again if you use the Immobilize spell iirc which you will not here. In addition, while you're charging your smash you can run around to avoid him then run up when ready to release and out trade him.

Now I advise to use the pill buff consumable that increases tenacity if you want to be a bit sloppy and just spam smash because this is one of the few bosses that has some attacks that can interrupt your 3-focus smashing attack. If you use tenacity buff consumables/pellets you just attack through his clashing with your skill's heavy dmg reduction on smash attacks (if you got the perk in the skill tree for smash) and out trade him. Rinse and repeat and he will die in like 20s, not a joke. Maybe 30-40 if you're a bit slower. Of course, I just tossed some attack buffs and crit buffs too so that helped, and you will have those in NG if you've been exploring and speaking to the alchemist NPC occasionally.

You can also use the spirit that grants on attack buff before you cast Spell Binder at the start of the fight to give you a nice head start.


I will warn you that spell binder is a bit of a trap later on though, but not many notice if they're not the analytical type it seems. The scaling falls off due to how it scales and by the time you start rolling around chapter 5 other buffs like Pilgrim Set/Centipede scale so hard while getting spells/spirits/vessels it makes Spell Binder really inefficient for bosses, and in NG+ it just becomes pointless no matter what armor you are using. Further, even if you don't use those armors in NG the spells when used properly will allow you to simply outperform spell binder dramatically. That said, spell binder can be convenient for clearing trash mobs a bit more efficiently in chapter 4/5 NG.",analytical,"Extremely detailed mechanical breakdown; explains damage reduction calculations, spell mechanics, and optimization strategies; focus is on understanding how the game functions at a technical level"
g046,"Re: how do u guys beat bosses?",Black Myth: Wukong,"Awesome tips, thank you! I am not sure if I have spell binder. I will check and try again this weekend.",impressionistic,"Personal gratitude; no analysis"
g047,"Re: how do u guys beat bosses?",Black Myth: Wukong,"git gud lol",impressionistic,"Meme response; no analysis"
g048,"Re: how do u guys beat bosses?",Black Myth: Wukong,"The golden form, I just tip Light attacks, evad, get quickly 2 Focus and smash through.
Im still back on Thrusting Stance, you can start the attack from further away and quickly pull back if you miss the attack somehow.
Also its the quickest H attack imo+ for the whole animation you can stay in (relative) safe distance.
I forgot that if he traps in circle u can swing the staff to just block projectiles, I was just dodging and face tanking the dmg like silly monkey;)

Anyways its like with any fight, learn patterns and if you manage to evade bigger attacks then minor ones can be patched up anyways.
And if u face tank several major attacks no amount of debuffs help there.

I think you can also add shock/poison etc protection to the gourd/thing u drink.
GL",analytical,"Provides specific tactical advice; explains stance mechanics and boss strategy"
g049,"Re: how do u guys beat bosses?",Black Myth: Wukong,"Its trial and error and if you explore and dont just rush through the game it actually gives you tools to get the job done, there was only a few bosses i had problems with, wait till you get to Erlang lol.....or you can be like some people i know on Steam that drive a Mitsubishi with green bottle issues and use a trainer 😂",impressionistic,"Personal experience with humorous aside; no structured analysis"
g050,"Re: how do u guys beat bosses?",Black Myth: Wukong,"If i literally hit a brick wall yep, and tons of practice or overleveling. Tbh I think like everyones build may not work for you. So try diff stuff and see what sticks and sometimes u clutch it too",impressionistic,"Personal advice based on experience"
g051,"Re: how do u guys beat bosses?",Black Myth: Wukong,"I just finished the game with both endings. This game is much easier and forgiving then sekiro, trust me. just dont give bosses time for rest, combine power attacks with your captured spirits so they just dont exit stun state, use crit chance and crit damage pills",comparative,"Direct comparison to Sekiro; structure organized around comparison"
g052,"attracting young pawns?",RimWorld,"all the raiders who i capture seem to be in their 40s or 50s. is there a setting i can change so i can capture some ppl capable of having kids? looking to do a super super long play and i want to grow my own population internally.",impressionistic,"Question based on personal gameplay desire; subjective goal"
g053,"Re: attracting young pawns?",RimWorld,"Throwing pollution packs at tribal villages can get you more pawns to sift through, Ideology has medical pods that can do age reversal (slowly, 1 year per cycle) and Anomaly has an age reversal ritual that can do bigger jumps but requires a victim to dump the years into.

Otherwise you would be looking mostly towards mods.",analytical,"Explains game mechanics and DLC features; provides solutions"
g054,"Re: attracting young pawns?",RimWorld,"If you have a male colonist or a slave, you can extract ovum from females 50 and under and fertilize them for making a new generation of colonists.

Growth vats can accelerate and simplify this process as well as allow you to skip the baby stage of development. You will have slightly more sick or dead babies compared to a perfect natural birth(which is difficult or impossible at older ages anyways), but you get more chances because of extraction rates for ovum. It does require a lot of food to do this however.",analytical,"Explains game mechanics; details pros/cons of different approaches"
g055,"Re: attracting young pawns?",RimWorld,"im barely into electricity right now, what do i need to successfully do these surgeries?",impressionistic,"Question based on personal game state; seeking help"
g056,"Re: attracting young pawns?",RimWorld,"and i dont see the option to extract their ovaries on my list. im guessing this is something i have to research?",impressionistic,"Follow-up question; personal experience"
g057,"Re: attracting young pawns?",RimWorld,"It's under ""fertility procedures"" research, and only requires basic herbal medicine as a minimum.

Yeah, it is a bit down the line of development, but you have time if it is a long term colony. Raising children is also quite difficult, as they take a lot of time, resources and provide little until they are older which takes ~3 ingame years normally. If you throw them in a vat the entire time it will be less than a year, but they will be far less developed.",analytical,"Explains research requirements and mechanics; analyzes trade-offs"
g058,"Re: attracting young pawns?",RimWorld,"Man, if ever there was a Rimworld thread that'll get you put on a list...",impressionistic,"Joking/observational reaction; no analysis"
g059,"Re: attracting young pawns?",RimWorld,"This wouldn't even make the top 10 lol You must be new to rimworld. Wanting a pawn not 50 does't add you to a list lol, now asking about best way to gather human skin or meat for a cannibal run that might be a red flag lol",impressionistic,"Humorous reaction; subjective perspective on community norms"
g060,"Re: attracting young pawns?",RimWorld,"if your running biotech there are traits you can try to get to increase fertility which would help.

i think one of the other dlc's have a way to make a pawn younger.

if your running a custom start, there are conditions that can restrict the age of pawns you find. i hope you didn't pick one with the ""pawns will start with age set between 40-60""",analytical,"Explains game mechanics; provides troubleshooting advice"
g061,"Re: attracting young pawns?",RimWorld,"There needs to be some kind of Rimworld/Stellaris warcrime crossover, just to make the entire Internet collapse under the weight of true moral bankruptcy",impressionistic,"Joking observation; no analysis"
g062,"Re: attracting young pawns?",RimWorld,"Is 50 a problem ? I never noticed

Just pick two young-ish ones and grow a bunch of vat babies

Your best bet if you want to make sure your colony is full of young adults is to use Anomaly's chronophagy ritual on your enemies",analytical,"Explains solution; provides strategic advice"
g063,"Re: attracting young pawns?",RimWorld,"Crazy Ass Title",impressionistic,"Reaction to thread title; no analysis"
g064,"Re: attracting young pawns?",RimWorld,"At 50 women have 0% fertility, which means no natural pregnancies or ability to extract ovums.",analytical,"States game mechanic fact"
g065,"Re: attracting young pawns?",RimWorld,"Are you running any mods that affect pawn retention? Because it seems odd to me that you'd have so many older raiders when the game uses RNG to randomize their ages. I have 12 prisoners in my colony currently, and none of them are even over 35. Only 2 of them are over 30.

For your raider population to skew so far on the ""older side"", I think your game isn't culling world pawns like it normally would.",analytical,"Analyzes potential causes; explains game systems"
g066,"Re: attracting young pawns?",RimWorld,"no mods. only DLC is biotech. ive captured 8 prisoners so far and all of them but one has been over 45. the one that was young has a go juice addiction and he will probably die before i get that research line done. i started as a lost tribe so all my research is much much slower.",impressionistic,"Personal experience; describes specific game state"
g067,"Re: attracting young pawns?",RimWorld,"My dude, you're missing the point by a country mile.

Read the title of the thread. Think about it.",impressionistic,"Reaction to another comment; no game analysis"
g068,"Re: attracting young pawns?",RimWorld,"In the past few days on reddit I've read stuff like ""The Human Nugget Project has entered its intermediate phase."", ""You can put newborn babies in the freezer during heat waves if they're having heatstroke."" and ""A bad parent wouldn't be able to provide for their kids drug habit.""",impressionistic,"Shocking examples; subjective reaction"
g069,"Re: attracting young pawns?",RimWorld,"None of that qualifies as p***filia, so do shut up already.",critical,"Delivers a judgment on someone's comment; evaluative"
g070,"Re: attracting young pawns?",RimWorld,"Crazy then.

I almost always start as tribal as well, and turn down research speed even more on top of that. I'm on year 13 of my current playthrough and still don't have growth vats available. But I didn't have any issues finding and recruiting younger pawns.

I feel like you're just having a streak of bad luck. It's not normal.",impressionistic,"Personal experience; offers subjective opinion"
g071,"Re: attracting young pawns?",RimWorld,"who hurt you?",impressionistic,"Reaction to another comment; no analysis"
g072,"Well known fact",Resident Evil 4,"People been using AI dub or other localisations just to hear better Ada",impressionistic,"Observational; subjective opinion"
g073,"Re: Well known fact",Resident Evil 4,"Im late to the party. I been getting algorithm bias everywhere now. You tube recommended all the hate videos towards Lilly Gao lol. Well deserved hate.",critical,"Delivers judgment on voice actress; evaluative"
g074,"Re: Well known fact",Resident Evil 4,"holy cow what were they thinking? all previous ada wong sound ok but RE4R omg i feel bad for the actress but you wouldn't pick rob schneider to give voice to kratos or cate blanchett for harley quinn, its a miscast the dissonance is too big.",comparative,"Compares voice acting across versions and uses analogies to other miscasting; structure organized around comparison"
g075,"Re: Well known fact",Resident Evil 4,"Lol true. I dont feel bad because she did a interview where she basically said she didn't care what people thought and shes the first ""asian"" voice actress for Ada Wong. She probably really put a dent in her career on such a bad performance.",critical,"Evaluates performance and career impact; delivers judgment"
g076,"Re: Well known fact",Resident Evil 4,"Probably spent what she made in one night of partying.

Talent>Diversity",critical,"Delivers evaluative conclusion; judgment-based"
g077,"Re: Well known fact",Resident Evil 4,"Ada sounds like a middle aged black woman and I didn't buy Separate Ways for this reason.",critical,"Evaluates voice performance and states purchasing decision based on it"
g078,"Re: Well known fact",Resident Evil 4,"entitled to ada wong coz she asian, hilarious, thats the sort of things that corpo and activists do for modern audiences, you dont pick VA coz they are same race or ethnicity as fictional character, you do it for merit, talent etc eg: in pragmata the voice for the android girl is a black woman, Grace Saif, no one would ever guessed she was black because her voice is good for the character, same as Kratos VA the dude from stargate, christopher judge.",comparative,"Compares voice acting across games (Pragmata, God of War) to argue against diversity-based casting; structure is comparative"
g079,"Re: Well known fact",Resident Evil 4,"Lily Gao never really bothered me, besides giving a bland performance. She didn't seem as bad in Separate Ways.

They really trashed her on the internet with hate messages and death threats. That's when she played the racist and sexists harassment card.

I would have rather the game focus more on the music to fill in the gaps.",impressionistic,"Personal opinion; subjective reaction"
g080,"Re: Well known fact",Resident Evil 4,"100%",impressionistic,"Brief agreement; no analysis"
g081,"Re: Well known fact",Resident Evil 4,"Sounds like she just woke up, and is annoyed she just woke up.",impressionistic,"Subjective impression of voice performance"
g082,"Re: Well known fact",Resident Evil 4,"The voice actress gave me every reason to skip every cutscene. On top of that, she's a real imbecile who accused her critics of being ""racist"". Don't you just love it when garbage people mess up our favourite games and call us the problem? 😂",critical,"Evaluates actress; delivers strong negative judgment"
g083,"Re: Well known fact",Resident Evil 4,"Its still terrible. AI only copy Gao's mannerism/ pronounciation.",critical,"Evaluates AI dub quality; delivers judgment"
g084,"Re: Well known fact",Resident Evil 4,"Been many threads on this. Ada Wong in RE2R is the benchmark, I guess.

I think Gao was going for stone cold/bored and unimpressed as part of the professional assassin character. Quite possible that's what the voice director asked for. With that in mind I the lack of inflection did not bother me as much as it did others.",analytical,"Analyzes the reasoning behind voice direction; explains possible intent; focus is on understanding"
g085,"Re: Well known fact",Resident Evil 4,"I dunno, I prefer russian Ada :atohpioneer:",impressionistic,"Subjective preference; no analysis"
g086,"Re: Well known fact",Resident Evil 4,"Well, OG RE4 Ada didn't sound like she was having the time of her life in a kids' amusement park. She did a wonderful job. RE4R Ada sounded like she was going through an indigestion throughout her job. Her voice itself is insufferable",comparative,"Direct comparison between OG RE4 and RE4R voice performances; structure is comparison-based"
g087,"Re: Well known fact",Resident Evil 4,"lol",impressionistic,"Minimal reaction; no analysis"
g088,"Re: Well known fact",Resident Evil 4,"I just listened through your video of various Ada voice actresses and when I got to voice actress for this game, I actually thought she sounded the best out of all of them.",comparative,"Compares multiple voice actresses; judgment based on comparison"
g089,"Re: Well known fact",Resident Evil 4,"Your opinion isn't controversial at all. The voice mod exists for a reason.",impressionistic,"Observational; no analysis"
g090,"Re: Well known fact",Resident Evil 4,"It's not hate. She's utterly insufferable and entitled. She may be easy on the eyes, but that doesn't make her a good actress or a VA. But hey, as long as you can whine about racism and then get a paycheck for low effort, subpar work, right?",critical,"Strong evaluative judgment; delivers verdict on actress"
g091,"New playthrough curiosity",RimWorld,"Just curious, I'm sure people have already had multiple runs in Rimworld, but do you guys sometimes modify your start to already have starting research and you pre-create your base before even starting a new run or does almost everyone start from scratch?",impressionistic,"Question about playstyle; personal curiosity"
g092,"Re: New playthrough curiosity",RimWorld,"I most certainly do not, but A] there are research projects that are first in line, and B] I will have an idea what the base will end up looking like. One project that will get my early attention will be geothermal, but in fact, no research may happen in year one.

Additionally, most oif my early base will be improvised and opportunistic. Often there are various structures that can be chesply and quickly repaired and repurposed. Few pf the choices made there, early on, will have anything to do with the later base. There is an almost-buidling, so roof it over, fix it and ploink some beds in it,",impressionistic,"Personal playstyle description; subjective experience"
g093,"Re: New playthrough curiosity",RimWorld,"I always start from scratch, usually crashlanded or odyssey start
I don't like tweaking the starting conditions, I just let the game decide how my run is gonna go.

If I get my hands on early archite genes, it's my cue to build custom races. If I get an early sanguophage event, it's my cue to go with sanguophages. If I get an ascetic pawn early I might consider nobility more than if I don't, etc.

But I don't edit genes, research, items, or anything else at the start, just the usual couple rerolls to get a tough pawn",impressionistic,"Personal playstyle; subjective approach"
g094,"Re: New playthrough curiosity",RimWorld,"I like to start with 3 highly equipped and skilled pawns, but completely from scratch otherwise. Makes the start less grindy but also something to build up and work towards. They're my hero pawns, crash landed with some of their gear, everyone else they recruit are normal and build up normally.",impressionistic,"Personal preference; subjective playstyle"
g095,"Re: New playthrough curiosity",RimWorld,"Iv thought about it, but no, I never have.",impressionistic,"Personal response; no analysis"
g096,"Re: New playthrough curiosity",RimWorld,"I see I see. Thanks for sharing your experiences. So it's generally aside from trying to get a decent pawn at the start, things are generally left to chance depending on what the game gives you at the start.

Thanks for the good read, and have a great day.",impressionistic,"Gratitude; summarizing; no analysis"
g097,"Re: New playthrough curiosity",RimWorld,"it's a sandbox, go play, do what you want, i personally heavily customize my 5 role-named starting colonists for each run complete with bionics, i even gave the doctor a gene that makes him passively heal people nearby this time.",impressionistic,"Personal playstyle; subjective"
g098,"Re: New playthrough curiosity",RimWorld,"Yep yep. Was just curious on how some who've played the game probably far longer than I have have been doing their runs.

What I'm trying to do right now just to share is like a generational gameplay where my main pawn is an immortal that as long as a part of them still exist, they'll regenerate back to life no matter what. My main goal is to try to make a successful colony and hopefully at least survive a generation or two while having the age rate of children to be normal speed while limiting the general amount of pawns in the colony itself while sending out the rest to other colony outposts (modded run).

Its generally fun to hear how others handle their gameplay. Helps keeping the ideas fresh every time I try to do a new play through.",impressionistic,"Describes personal modded playthrough; subjective experience"
g099,"Re: New playthrough curiosity",RimWorld,"there's a mod for that, the immortal thing:

Gene: Phoenix Rebirth 
A Workshop Item for RimWorld
By: D4egon
Adds the gene: Phoenix Rebirth Your colonist wont die. They will become an ash pile upon death. 3 days later, they are reborn out of the ashes - as a baby.",analytical,"Provides specific mod information; explains what it does"
g100,"Re: New playthrough curiosity",RimWorld,"Oh nice. I'm gonna go check it out and see what works out better for me. This one or the Immortal Regenerant Gene mod. Thanks for the share.",impressionistic,"Personal reaction; gratitude"
g101,"Re: New playthrough curiosity",RimWorld,"i adjust my scenarios nonestop. with way over 7000hours i grew tired of replaying the same starts over and over again.
sometimes its to play a specific type of story other times its to balance or fix mods in the pack. for example some mods change how a system works by adding items inbetween. usually the starting scenarios dont reflect that hence i gotta adjust things.

if i wanna play a hightech story why should i have to start with stick and stones.",impressionistic,"Personal experience; subjective justification"
g102,"Re: New playthrough curiosity",RimWorld,"I started getting tired of things so to mix it up I started with a ton of technologies and custom xenotype pawns, but for the remaining technologies (all the space tech for one, as well as mech / gravship and a few more) I set research speed to 1 percent. Increased to max all the insect spawning settings as well. So for me at least the answer to your question is, yes.

Once things get going I can largely relax, turn off the sound, and listen to classical music or whatever takes my fancy. Very enjoyable.",impressionistic,"Personal playstyle; subjective enjoyment"
g103,"Re: New playthrough curiosity",RimWorld,"I had actually considered back then over tuning my settings and scenarios but never really had the skill to keep a colony intact after it grows to a pretty good size since I always get wrecked by (for me) impossible odds that have me start all over again. Especially if I've spent hours trying to get the scenario right for something similar to an all out war with the inhabitants of the rimworld by pre preparing multiple outposts to keep the materials for the war effort flowing to having a pre built base only for the storyteller to suddenly send in a mechanoid threat the effectively tore than my base in minutes due to sheer bad luck of me mismanaging my pawns schedules and some of them breaking down in combat.

But yeah, I do understand the feeling of getting tired of the same random back to basics start, so every now and then I attempt to change things up, even with just small tweaks to the settings.",impressionistic,"Personal experience; subjective reflection"
g104,"Re: New playthrough curiosity",RimWorld,"Nice nice. Is fighting insects really that enjoyable though? They've been a menace to some of my scenarios at times.",impressionistic,"Personal question; subjective experience"
g105,"Re: New playthrough curiosity",RimWorld,"I generally do the opposite. I tailor the scenarios so that I start with less, not more.
For me, the game is at its most fun in the very early game where I have almost nothing. Naked brutality and tribal starts are my favorites.",impressionistic,"Personal preference; subjective"
g106,"Re: New playthrough curiosity",RimWorld,"Bugs are more an issue when I'm starting since I don't give my colonists anything aside from a few drugs and alcohol (required due to the custom xenotype). If there are caverns full of bugs I have to be really careful with zone management until I craft some weapons. But on the other hand bugs are great for turning into kibble, and do a wonderful job of taking out raiders in early game. By the time they start spawning on their own (digging up from underground event or pollution) I'm in good enough shape to handle it. Something else the bugs will do is attack visitors. I swoop in to the rescue, kill the already wounded bugs, grab the dropped gear / goods and if the visitors are still alive I heal them up for the faction relation bonus. If they aren't still alive my cannibals have a reason to celebrate.",analytical,"Explains game mechanics (bugs, kibble, faction relations); provides strategy"
g107,"Re: New playthrough curiosity",RimWorld,"Start from scratch. Recently been playing Naked Brutality and finding the playing, getting killed or kidnapped and restarting using what I've just learnt a blast. Currently have a small base set up with suitable enough defences to have lasted through the 1st 2 raids.",impressionistic,"Personal playstyle; subjective experience"
g108,"Re: New playthrough curiosity",RimWorld,"I start with everything up to Basic Grav Tech if I am doing a ship run and if I want to do a land base run I start with only the bare minimum tech as Tribals. I did a few runs as Medieval people and locked the tech at medieval times with nothing past electricity but for me that got boring pretty fast so I abandoned those runs.

If I get in the mood for a medieval run I just go play Going Medieval because they did the Medieval era much better and they have Z levels so I can actually build a multi-story castle and actual underground food storages to preserve their food and with their water physics I can actually build a working moat around my castle as well.",comparative,"Compares RimWorld to Going Medieval; structure organized around comparison of features"
g109,"Re: New playthrough curiosity",RimWorld,"Sometimes I do custom scenarios with some research already unlocked. Like for example a modified rich explorer start with the intent of making a coldest possible planet and then settling in the coldest part of the sea ice with two arctic explorers. As this would have been an impossible scenario with the normal starting technology I had to make hydroponics, biofuel refining, solar panels and battery already unlocked so I can have food, and enough starting materials to build the minimal amount of shelter and production/power generation to sustain the starter colony, and also warm clothes for the starting colonists so they can survive while they build the place. From there forward you had to make do with zero resources on the map, having to manage non-existent resources for a growing colony and figure out how to utilize heat most efficiently.",analytical,"Explains scenario design and game mechanics; detailed strategic planning"
g110,"Re: New playthrough curiosity",RimWorld,"Go to the workshop > find the setting to search for scenarios > browse the hundreds, if not thousands, of custom scenarios people have made.

I like doing random different starts, some with different bonuses, or different drawbacks. I also like seeing what people have cooked up.

For example there was one where you started out with like 30 thousand steel near you. Makes a lot of things easier, but also spikes your colony wealth so you better be prepared to handle larger than normal raids from the start.",analytical,"Explains how to find scenarios; analyzes the wealth mechanic consequence"
g111,"Re: New playthrough curiosity",RimWorld,"Lucky. Every time I do a runthrough with bugs is they show up in the worst time possible. It's either when there's another raid, or when everyone's sick. It's gotten to a point where I just place turrets in every large room that they might spawn in so I can have enough time to organize anyone capable of fighting back.

The bugs in caves are cool. I leave them alone. They're pretty good at dealing with raids.",impressionistic,"Personal experience; subjective strategy"
g112,"Re: New playthrough curiosity",RimWorld,"Nice~",impressionistic,"Brief positive reaction; no analysis"
g113,"Re: New playthrough curiosity",RimWorld,"We have z-levels on 1.6? Or are you using the 1.4 version of Going Medieval in collections?",impressionistic,"Question seeking clarification; no analysis"
g114,"Re: New playthrough curiosity",RimWorld,"I was always thinking about this kinds of scenarios. Especially when I was thinking of a similar run that I was going to make something similar to the theme of Frostpunk. Where the world was in a permanent or long lasting Ice age event and you'd have to survive until whether your generation or the next would last to see the sun come up. Sadly gave up halfway since I had to nitpick so many mods and settings that I feared I might be missing out on some of the fun stuff or when I felt playing a different scenario, I had to redo an entire modlist.",impressionistic,"Personal reflection; subjective experience"
g115,"Re: New playthrough curiosity",RimWorld,"Never had tried to look into the scenario part of the workshop. By the looks of it, it seems that it allows you to download their modlist as well. I'll give it a go once I'm done with the current scenario I'm in. Thanks for the advice.",impressionistic,"Personal response; gratitude"
g116,"Re: New playthrough curiosity",RimWorld,"Going Medieval is another game just like Rimworld but with Z levels and it is all about medieval survival and colony building, its not a Rimworld mod. The devs have said they are big Rimworld fans and you can tell the core of the game is Rimworld but they took it further with new features. Most players sum it up as Medieval Rimworld.",analytical,"Explains what Going Medieval is; analyzes similarities/differences"
g117,"Re: New playthrough curiosity",RimWorld,"I use to adjust stuff all time back i nthe day, but iwth idieology I use the base starts now I modify them with prepare carfully like I hate the random animal BS its like oh look 2 toy dogs and a cat, well you need to be slaughtered because that preditor near the spawn is gonna eat you in 2 days time if I don't and you are 100% worthless might as well do it now while they got new start buff going...

Like I never given research but I gone ""I am gonna do tribal, screw the jade knife, and rest, 3 recurve bows, and uh 2 wooden clubs, keep 100 arrows screw the the throwing weapons, get rid of the 3 random pets from hell, and maybe add 200 more food to the start since that preserved crap goes by so fast...""

Like that is the only real tweaks I do but I see unlocking tech as a challange I got 2 mods for unlocking new tech tiers. If going tribal my fave harder mode start I use Vanila Expanded Factions Tribal mod so once you research everything in a tier its harder with more mods but still nice, you can do a ceremony to upgrade to next tier and get a corner stone perk point its like baby buff like 5% increased mental threshold before breakdown to all of you faction is my first go to every time. It makes game WAY SLOWER though, like I get medival and do power for the ac, and well lights, but then go back to having to find every single medival tech and with CE and ton of mods for it its like ""ok there is like 15 of these..."" And industrial is even worse lol But Yeah I like that and its not for all.

Like I think this time I am gonna do a canibalism is ok starting religion. I also do fluid starts for religions but almost always do authortarian supramicst as the base. This lets you make slavery ok, corpse don't bother them and I can pick if canibalism is ok or not etc etc.",analytical,"Explains mod setup, tech progression mechanics, and ideology system; detailed analysis of game systems"
g118,"Synthetic Man's Review!",007 First Light,"Synthetic Man is disappointed with 007: First Light, IOI failed to please him and he enjoys the Hitman games. A cautionary tale for IOI.",critical,"Delivers judgment; frames as cautionary tale; evaluative"
g119,"Re: Synthetic Man's Review!",007 First Light,"Who even cares about this grifter?",critical,"Evaluates reviewer's credibility; delivers judgment"
g120,"Re: Synthetic Man's Review!",007 First Light,"oh

no

anyway",impressionistic,"Dismissive personal reaction; no analysis"
g121,"Re: Synthetic Man's Review!",007 First Light,"I don't particularly like people that use buzzwords like woke etc. But the user had similar points to me in terms of gameplay (we disagree on loads too) in some areas.

This is very dumbed down, that might be fine for some ofc.
It is a T for teen rated game, but still...",critical,"Evaluates game quality; delivers verdict on gameplay depth"
g122,"Re: Synthetic Man's Review!",007 First Light,"Who?",impressionistic,"Question; no analysis"
g123,"Re: Synthetic Man's Review!",007 First Light,"It doesn't matter.",impressionistic,"Dismissive; no analysis"
g124,"Re: Synthetic Man's Review!",007 First Light,"I'm not sure someone who made a 40 minute video titled ""Silent Hill f is disgusting woke propaganda"" has a whole lot of valuable things to say about video games.",critical,"Evaluates reviewer's credibility; judgment-based"
g125,"Re: Synthetic Man's Review!",007 First Light,"Even a blind chicken sometimes find corn.",critical,"Evaluates worth of reviewer's points; judgment-based"
g126,"Re: Synthetic Man's Review!",007 First Light,"Ok then.",impressionistic,"Acknowledgment; no analysis"
g127,"Re: Synthetic Man's Review!",007 First Light,"As a matter of fact, Synthetic Man is 💯% qualified to make this review, and you are just afraid to AGREE with hiM.",critical,"Evaluates reviewer's qualifications; judgment-based"
g128,"Re: Synthetic Man's Review!",007 First Light,"Whining about wokeness is about the most boring video game commentary possible. Plus gaming videos peaked with this one like 20+ years ago",critical,"Evaluates content quality; delivers judgment"
g129,"Re: Synthetic Man's Review!",007 First Light,"All Wokeness is Evil and must be rightfully rejected, and Synthetic Man does it too well. Gaming Industry still insists in Wokeness even with so many franchises and even studios closed due to Wokeness, thus the ""whining"".
From the moment Amazon Studios bought the IP 007 I knew this game would be compromised, which is exactly what Synthetic Man revealed us.
And Silent Hill fAKE is already forgotten and Flopped.",critical,"Strong evaluative judgment; political/cultural critique; verdict-based"
g130,"Re: Synthetic Man's Review!",007 First Light,"This guy tries to be ""based"" but he's a ""half juice"" blooded creature that genuinely grifts, his brother is even worse. Big yikes on that. Don't be fooled by him. I'm against all DEI and ""woke"" garbage also, but you all need to spot the grifters when you see them.",critical,"Evaluates reviewer's authenticity; judgment-based"
g131,"Re: Synthetic Man's Review!",007 First Light,"You make grifting sound like a bad thing. The worst Synthetic Man does is adding some Flaming to his reviews, think them as Spices, though.",impressionistic,"Personal opinion on reviewer; subjective"
g132,"Re: Synthetic Man's Review!",007 First Light,"Everyone can make a ""review"" sadly most people don't looke objective on core mechanics and features and when they are and should be subjective, they don't state that either",critical,"Evaluates review quality standards; delivers judgment on reviewer objectivity"
g133,"Re: Synthetic Man's Review!",007 First Light,"This review is fine, all you need is to take 1 hours off to watch it. You can also ask Gemini AI to summarise the video for you and ask related questions! :obsstation:",impressionistic,"Personal recommendation; subjective"
g134,"Re: Synthetic Man's Review!",007 First Light,"Why do you treat this amateur Main Stream Media like some kind of prophet? You put WAY too much faith into one video that agrees with your point. I think the MILLIONS of units sold makes it sound like you have Sour Grapes and your mom won't buy this for you because it's not E for Everyone.",critical,"Evaluates OP's reasoning; judgment-based counter-argument"
g135,"Re: Synthetic Man's Review!",007 First Light,"What is the moral of the 'cautionary tale' IOI should only make 'Hitman' like games?",critical,"Challenges OP's conclusion; evaluative question"
g136,"Re: Synthetic Man's Review!",007 First Light,"Who?",impressionistic,"Question; no analysis"
g137,"Re: Synthetic Man's Review!",007 First Light,"How braindead you must be to watch this grifter.

He doesn't enjoy hitman games because he never played any of them. I could easly use this ♥♥♥♥♥♥ arguments and prove to you how all of hitman games are woke, because I actually know them very well.",critical,"Evaluates reviewer and viewers; judgment-based"
g138,"Re: Synthetic Man's Review!",007 First Light,"guy likes futa opinion invalid",impressionistic,"Dismissive personal jab; no analysis"
g139,"Re: Synthetic Man's Review!",007 First Light,"This again....

Im guessing this goes the usual, OP sees this guy as someone that ""tells it like it is"" while every positive review on the other hand is from paid shills.",critical,"Evaluates OP's perspective; judgment-based analysis"
g140,"Re: Synthetic Man's Review!",007 First Light,"I think the ""reviewer"" content creator sounds awful, discriminative and somwhat out of touch on some topics.
But I do agree with with some of the gameplay stuff (I have listed that myself)

IO was part of the big gamespot scandal with ""paid"" reviews, where a game journalist was fired for not giving a high enough score to the game,
The vast majority of ""professional"" review sites, is more about marketing (so are many content creators as well)

It is much better to watch/play the game yourself and see all information, then judge it on that. In terms of success, then it boils down to if it is a financial (commercial) success, if it is liked by the broader gaming scene and if it is like by those that end up buying it (most that buy a game will be positive minded)

Commercially this game did under avarage and might never recoup its massive 200m development budget. With mere 3m sales after 3 weeks cross platforms.
On PC (steam) it has not been very popular within its scope, but it have been well recieved by those that end up buying it however.

Overall. This is a decent walking and action simulator with cinematics. It is obviously focused on a very very casual segment of the mainstream and a experience the story and feel engaged by very little interaction.

I don´t think characters are well done, the dialogues feel language algorithm made and overall story is mid at best. The combat is simplistic, boring and very easy. The segments where you basically just click to progress the linear scenes, could have just been a cinematic section instead..

What it does well is being inclusive (we talk about gamers, as in people that never held a controller before, would most likely be able to easily finish and enjoy this) to players and I feel like the gunplay/melee is decent as well, evem more so if you are a casual gamer.",analytical,"Detailed analysis of game mechanics, commercial performance, and audience targeting; explains how and why the game works; includes industry context"
g141,"Re: Synthetic Man's Review!",007 First Light,"Deja vu",impressionistic,"Observation; no analysis"
g142,"Re: Synthetic Man's Review!",007 First Light,"Is that content creator known? (never heard about them)
Albeit one could look at some of the others out there with more reputation (They are kinda mixed in their reception of the game)",impressionistic,"Question; subjective observation"
g143,"Re: Synthetic Man's Review!",007 First Light,"Watch Yahtzee's review instead.",critical,"Recommends alternative reviewer; implies the original is inferior"
g144,"Re: Synthetic Man's Review!",007 First Light,"There was a identical thread a week",impressionistic,"Observation; no analysis"
g145,"Re: Synthetic Man's Review!",007 First Light,"This is all you need to know about OP. Sucker to the grift and an AI slop enjoyer.",critical,"Evaluates OP; delivers judgment"
g146,"Re: Synthetic Man's Review!",007 First Light,"You are eating dust with your stubborness to reject AI, study AI. And you don't need to be so upset there are reviewers daring not to drool over a new ""AAA"" game, calm down.",critical,"Counter-argument; evaluative response"
g147,"Re: Synthetic Man's Review!",007 First Light,"Fair enough. That makes sense then.

Here is a few content creators that reviewed it. (I don´t give much for any of them, as I can judge the game by myself, but reckon it gives a better picture with more than 1)

This one is a tad like how I feel.",critical,"Provides alternative reviews; implies need for broader perspective; evaluative"
g148,"Re: Synthetic Man's Review!",007 First Light,"I agree with this. It is better to form your own opinion. That is why I did not buy this game (I was lucky enough to review it however) but I would have never bought it, it is simply not something I am interested in, outside it being Bond.

I fully understand why some might like it.",impressionistic,"Personal stance; subjective preference"
g149,"Re: Synthetic Man's Review!",007 First Light,"Yeah, I should've wait too. I do regret getting it for almost full price.
And is fine to hear some people who give valid points, but I dislike the ones who create content just to forcibly disagree with a product.",critical,"Evaluates regret; delivers judgment on content creators"
g150,"Re: Synthetic Man's Review!",007 First Light,"We 100% agree that the content creator listed by the OP is merely trying to stir up stuff.
As I said, I both fully respect and understand why some would like this game. I can only tell why I don´t like it and what I find disappointing.

The only thing that gets me annoyed, is when people try to claim this is a massive success and lists it on pair with games such as BG3, E:R, CP2077, H:L, etc. (I don´t even like games such as E:R, I dislike it... but it´s success is undeniable)",comparative,"Compares game to BG3, ER, CP2077, HL; structure organized around comparison of success/quality"
g151,"Re: Synthetic Man's Review!",007 First Light,":BL3Thumbsup:",impressionistic,"Emoji reaction; no analysis"
g152,"Re: Synthetic Man's Review!",007 First Light,"This is a nice review too, really funny. Yahtzee saving the channel once again.

Most of the sales were on PS5 (55% or so), which makes sense since sonysts love ""cinematic"" fil... I mean, games. IOI got a lucky strike aiming for Uncharted.

Not necessarily, but seeking to please modern audience is a gross fatal mistake IOI did. Thankfully for IOI many sonysts enjoyed this game enough to buy it.",critical,"Evaluates sales, audience, and studio decisions; delivers judgments"
g153,"Re: Synthetic Man's Review!",007 First Light,"Modern audience just means the younger generations, ofc the big studios and corporations chase those.. they are already the biggest target audiences.",analytical,"Analyzes concept of ""modern audience""; explains market dynamics"
g154,"Re: Synthetic Man's Review!",007 First Light,"This only works, barely, for movies and TV products, For games, ""modern audience"" only care about 1 or 2 games to play and pay for MTXs and BPs until they get bored and move on. 007: First Light is not one of these games, which is this corruption failed outside of sonysts.",critical,"Evaluates audience behavior; delivers judgment on game's failure"
g155,"Re: Synthetic Man's Review!",007 First Light,"Plenty of popular movies and games are for the modern audience and do well.
Take a game like E:R, that is also a game for the modern audience.

What you don´t want is inorganic injections and bland corporate stuff.
Obviously you try to go with the target audiences that are best suited for your games and if you want to cash in on microtransactions while you still can, then you have to do it now, the same with lootboxes.. these thing wont keep being here with the EU machine at last (have taken many years) starting to take actions.",analytical,"Analyzes market trends, audience targeting, and industry practices; explains business dynamics"
g156,"Re: Synthetic Man's Review!",007 First Light,"How about you form your own opinion. Remember that?",impressionistic,"Philosophical question; no analysis"
g157,"Re: Synthetic Man's Review!",007 First Light,"They can't. Sad to see.",critical,"Evaluates others; delivers judgment"
g158,"Re: Synthetic Man's Review!",007 First Light,"*Plays game intentionally wrong.
*Calls game bad.
*Idiot followers chomp at the bits and agree with him without playing the game.",critical,"Evaluates reviewer's methods; delivers judgment"
g159,"Re: Synthetic Man's Review!",007 First Light,"You claim that while refusing to provide your own review.

He wasn't punished by the game for playing intentionally wrong, which is totally the game's fault. Therefore, he was right. :health:",critical,"Counter-argument; evaluative defense of reviewer"
g160,"Re: Synthetic Man's Review!",007 First Light,"bubsy 3d? jesus isnt that game known as literal cancer? it was hard to watch even when Oneyplays ragged on it, and even the original which was even worse...",comparative,"Compares to Bubsy 3D; evaluating quality relative to another game"
g161,"Re: Synthetic Man's Review!",007 First Light,"Such nonsense logic from someone who doesn't even own the game.",critical,"Evaluates OP's credibility; judgment-based"
g162,"Re: Synthetic Man's Review!",007 First Light,"You didn't understand, that's all. Synthetic Man screwed around with the game's system and the AI reacted very poorly and amateur, which naturally isn't seriously acceptable. but very funny, that part where he put 30 guard NPCs to RUN after him, instead of shooting him down, was very hilarious! :laughing_explorer:",analytical,"Explains AI behavior and game system reactions; analyzes what happened in the review"
g163,"Re: Synthetic Man's Review!",007 First Light,"Sure it had terrible tank controls, awful graphics, and a main character with a grating voice that.... That's it, that's what I have.",critical,"Evaluates Bubsy 3D; delivers judgment"
g164,"Re: Synthetic Man's Review!",007 First Light,"Synth is not a grifter, people do not even know what that word means. He doesn't sell anything in the videos, he's literally the opposite of a grifter. If all it takes to be a grifter is to make money by making content then everyone is a grifter.

Synth goes out of his way to tell the truth, which gets him a lot of flak and hate from people who identify with games personally, causing them to be offended. This is just the price of telling the truth.

His channel is quite rare and most channels force positivity to sell you the game. He literally usually advises people against bad games, trying to save you money and improve the gaming industry one little bit at a time.

Normies with no values, standards or interest in being critical of entertainment and consume everything while waiting for the next product can't understand this. They don't care. They just want to have fun and if they had fun then its a masterpiece game of the year 10/10.

Pure slop.",critical,"Evaluates reviewer's authenticity and value; delivers strong judgment"
g165,"Re: Synthetic Man's Review!",007 First Light,"He's intentionally negative for the sake of being negative to get views. I got about half way through his video before I questioned why I was watching that slop. The dude is not a gamer.

Like my biggest gripe with people is the constant whining about the vehicles. They are just meant to be cinematic. Who ♥♥♥♥♥♥♥ cares that you can't go off rails. Its not an open world game and that is OK. People can't just accept games being different.",critical,"Evaluates reviewer's motives; delivers judgment; counters specific criticism"
g166,"Re: Synthetic Man's Review!",007 First Light,"Bah, you cannot tolerate his video because you already finished the game and you are still euphoric about it. :steamsalty:",critical,"Evaluates other commenter's bias; judgment-based"
g167,"Re: Synthetic Man's Review!",007 First Light,"So how many games he played in the last 5 years did he actually like? 3? He is a culture warrior to the extreme and seems to seek out games he knows he will hate just to keep up having content.",critical,"Evaluates reviewer's patterns; delivers judgment"
g168,"Re: Synthetic Man's Review!",007 First Light,"He enjoyed getting chased by the braindead NPCs. :BLINK:",impressionistic,"Subjective observation; no analysis"
g169,"Huge VAC wave ongoing",Counter-Strike 2,"https://csstats.gg/bans using Reddit-group-think if it's this high already, something big is about to happen",analytical,"Interprets data; analyzes implications of ban wave"
g170,"Re: Huge VAC wave ongoing",Counter-Strike 2,"It's getting bigger. Something about people multi-accounting on X",analytical,"Provides updated data; analyzes cause"
g171,"Re: Huge VAC wave ongoing",Counter-Strike 2,"Some false positives might happend but the reason behind it is valve is fighting a bunch a botnets and malicious armory pass bad actors. Some legit people that never participated might be included. I'll take a research what is going on.",analytical,"Analyzes potential causes; explains what's happening"
g172,"Re: Huge VAC wave ongoing",Counter-Strike 2,"One can hope but that number is relatively tiny in the larger scheme.",critical,"Evaluates the significance of the ban numbers; delivers judgment"
g173,"Re: Huge VAC wave ongoing",Counter-Strike 2,"Nothing special, they just turned on the detection segment to create a ban wave.",analytical,"Explains the mechanics of what happened; focus on understanding"
g174,"Re: Huge VAC wave ongoing",Counter-Strike 2,"Oooo…this is gonna be juicy :starhappy:",impressionistic,"Excited reaction; no analysis"
g175,"Re: Huge VAC wave ongoing",Counter-Strike 2,"https://x.com/SteamInvHelper/status/2067948001192968278",analytical,"Provides source/link; analytical reference"
g176,"Re: Huge VAC wave ongoing",Counter-Strike 2,"Okay…so here's how VAC actually works. The best analog to describe it is antivirus software…only for cheats. When a piece of a cheat app's memory signature is hashed into the VAC blacklist, anyone who used it in the past…gets a VAC Ban instantly. The huge cheating problem through anomalous behavior in just gave Valve a large backlog to go into game recordings and find out what memory signatures don't match standard gameplay.
Source/2.0 Engine doesn't use video logging for that type of recording. It uses key and input logging along with how long you alt-tab for…stuff like that. Point is the recoding system logs what's being stored in RAM.",analytical,"Explains VAC system mechanics; technical breakdown of anti-cheat"
g177,"Re: Huge VAC wave ongoing",Counter-Strike 2,">Huge

3k lmao",critical,"Evaluates the scale of bans; dismissive judgment"
g178,"Re: Huge VAC wave ongoing",Counter-Strike 2,"It's about 300 an hour. Last time this happened it was 960,000 accounts",analytical,"Provides data; historical comparison/analysis"
g179,"Re: Huge VAC wave ongoing",Counter-Strike 2,"yeah last time they banned bot accounts they came back the next day with new ones xd",critical,"Evaluates effectiveness; skeptical judgment"
g180,"Re: Huge VAC wave ongoing",Counter-Strike 2,"The vast majority of them are farmers…they're also nailing proxies…makes it even harder to recover. There's going to be a wave of posts complaining about lost items soon by the look of it.",analytical,"Analyzes who is being banned; predicts downstream effects"
g181,"Re: Huge VAC wave ongoing",Counter-Strike 2,"They didn't go after proxies last time. I think that's the difference here.",analytical,"Compares to previous ban waves; analyzes the strategic difference"
g182,"Re: Huge VAC wave ongoing",Counter-Strike 2,"There's a whole software manual in Russian written for the software mentioned on X lol, including up to 5 accounts at the same time

> ""Fully automatic farm. The panel manages the accounts itself: it collects lobbies, searches for games, makes murders, and sets/defuses bombs. The entire XP farm process is fully automated.""
> Adding various games to accounts and online cheating in them.
> Increasing the human-like nature of accounts - accounts look like real players with a library of games and game time.

Finally some peace for me...I knew I wasn't going crazy playing CS2 and it was bots on real-looking accounts (the service medals game it away).

I've sent Valve about 5 emails about the steam groups they're all in too.

What do they get from doing this? Steam dollars? Account selling I'm guessing",analytical,"Analyzes bot farming operations; explains how they work; provides evidence and context"
g183,"Re: Huge VAC wave ongoing",Counter-Strike 2,"499",analytical,"Data point; analytical"
g184,"Re: Huge VAC wave ongoing",Counter-Strike 2,"Yeh that 1m was clearly a tiny portion of the problem. Every game has these multi account bots, including Premier. They always move together at the same time, crouching together etc",analytical,"Analyzes scope of problem; explains bot behavior patterns"
g185,"Re: Huge VAC wave ongoing",Counter-Strike 2,"This has state sponsorship written all over it. Even saw some ads for CSGO/CS2 loot on Yandex. It would explain the proxies and great lengths they went to in order to obfuscate what's going on.

Seems some people owe me an apology after denying the cheating for profit problem …

Also, I would like to thank Support for taking my ticket about the VPN spam bots seriously.",analytical,"Analyzes commercial/political context; explains state sponsorship theory"
g186,"Re: Huge VAC wave ongoing",Counter-Strike 2,"There's obviously a commercial part to cheating but the scale it's at for all games, seems state sponsored, US (e.g. make people hate Russians) or Russian or another",analytical,"Analyzes geopolitical dimension; explains possible motivations"
g187,"Re: Huge VAC wave ongoing",Counter-Strike 2,"As good as this might be it's a shame Valve has to keep this mystique up, if they just talk about it in the least it would cut cheating accusations down by more than half at aleast. People are mostly mad cos Valve don't say anything I imagine",critical,"Evaluates Valve's communication strategy; delivers judgment"
g188,"Re: Huge VAC wave ongoing",Counter-Strike 2,"It's possibly commercial, but large‑scale cheating operations usually come from organized groups looking for stable revenue, not individual players or small groups of them. When an economy is extremely unstable, you tend to see more profit‑driven cheating activity coming out of that region. That's the angle I'm focusing on — the financial incentive. I saw a lot of CS2/GO skin site ads on Yandex back in March of 2026 so I'm thinking that's connected as well.

PS…the ""unjust"" day zero Game Ban complaints are coming in.",analytical,"Analyzes economic incentives; explains commercial cheating ecosystem"
g189,"Re: Huge VAC wave ongoing",Counter-Strike 2,"If I was Valve I'd be looking for 30-35 friends in the friend network, nude ascii comments on the profile pages right now.",analytical,"Provides detection strategy advice; analytical"
g190,"Re: Huge VAC wave ongoing",Counter-Strike 2,"22 000 is a small number considering how often cheating occurs. There is still nothing done to improve anti cheat into being more reliant. The vac coins would had help a lot into punishing certain knewed cheaters that expose themself... Would be curious what would were the numbers of cheaters banned when there would had been such a feature..

Considering that 22k is in a month... At 1.16 million players actively every hour... That number is like a shame.. It would mean that 12x 22k = 264 000 vac bans a year, that is still not explaining why the cheating behaviours not feel punished as there is always a cheater returning and cheating more, the length those people keep cheat and keep have satisfaction to play 300 hours by cheats, farming on multiple accounts cases that shows the problem.",critical,"Evaluates VAC effectiveness; calculates statistics; delivers judgment on anti-cheat inadequacy"
g191,"Re: Huge VAC wave ongoing",Counter-Strike 2,"That's just for now. Remember. Valve is hitting proxies and shell game accounts as well. They won't show up right away, but they'll definitely show up.",analytical,"Explains lag in reporting; analyzes future implications"
g192,"Re: Huge VAC wave ongoing",Counter-Strike 2,"For instance we can go leaderboards on cs2stats, we can see premier banned players in highest ranked scores, those cheaters exploring them further with who they played and what winrate they have together, the system still doesn't come to ban multiple associations between a cheater and other players, not even when some have 32 matches together with 100% winrate, so the question is what anti cheat is that bad, that can't compare numbers or read anything related into statistics.",critical,"Evaluates anti-cheat failures; uses statistical evidence to deliver judgment"
g193,"Re: Huge VAC wave ongoing",Counter-Strike 2,"It was around 60,000 a month until about February 2026",analytical,"Provides historical data; analytical"
g194,"Re: Huge VAC wave ongoing",Counter-Strike 2,"IT always has been at this level stop lie yourself, i am quite skilled in cs2 and constantly people open cheats against me, often people go easy over 70% hs rate all being protected like they are pro players all in all kind of ranks... The reason we are here is because they afraid to false ban, well i rather would enjoy a more harsh anti cheat that have some failures too, but not stoping itself into believing that everyone may be a pro player..",critical,"Evaluates anti-cheat philosophy; delivers judgment on false ban concerns"
g195,"Re: Huge VAC wave ongoing",Counter-Strike 2,"Do you happen to have a photo of that? I am not believing it... I run into so many cheaters that this game is having most of the time only cheaters.. Rarely i could had some games where i can play on my own skill and advance ranked without being stomp by frustrated cheaters that lose to my skills.",critical,"Questions data; delivers judgment based on personal experience"
g196,"Re: Huge VAC wave ongoing",Counter-Strike 2,"There were Reddit cs2 posts comparing how the ban count dropped massively alongside animgraph2 being released, as if Valve turned off VACnet",analytical,"Analyzes correlation; explains possible cause"
g197,"Re: Huge VAC wave ongoing",Counter-Strike 2,"i hope they clean up the leaderboards",critical,"Expresses hope; implicitly evaluates current state as needing improvement"
g198,"Re: Huge VAC wave ongoing",Counter-Strike 2,"oh yes for sure.. banning some dead ghost accounts as they did for bots. game is as dead as usual. we encounter the same cheaters everyday and they don't care because valve doesn't care",critical,"Evaluates effectiveness; delivers negative judgment"
g199,"Re: Huge VAC wave ongoing",Counter-Strike 2,"short answer: NO
long answer: NOOOOOOOO

just some spring cleaning under the carpet, everything as per usual as it's always been",critical,"Evaluates significance; dismissive judgment"
g200,"Re: Huge VAC wave ongoing",Counter-Strike 2,"Are the only people who take those leaderboards seriously, people cheating?",critical,"Evaluates leaderboard legitimacy; judgment-based question"
g201,"Re: Huge VAC wave ongoing",Counter-Strike 2,"yeah they ban bot accounts not cheater i get insta red trust factor and play against wallers not even hiding it vac doesnt work at all:steamthumbsdown:",critical,"Evaluates VAC effectiveness; delivers negative judgment"
g202,"Re: Huge VAC wave ongoing",Counter-Strike 2,"https://csstats.gg/match/219857458

This guy came to complain about being 180 days banned on cs2 discussions..

He was the 1 st positioned player in enemy team against this 1 guy with 51 kills that got vac banned.. Hell this anti cheat is not capable of any ♥♥♥♥... They get temporary ♥♥♥♥♥♥♥ bans...",critical,"Provides evidence of anti-cheat failure; delivers judgment"
g203,"Re: Huge VAC wave ongoing",Counter-Strike 2,"I warned you all about it, was 1 week delayed apparently

https://steamcommunity.com/app/730/discussions/0/570414583844457150/",analytical,"Links to previous prediction; shows analytical foresight"
g204,"Re: Huge VAC wave ongoing",Counter-Strike 2,"right now i am playing with a bot in office competitive.
a new low for vac anti cheat",critical,"Evaluates current state; delivers judgment"
g205,"Re: Huge VAC wave ongoing",Counter-Strike 2,"thats great if its true",impressionistic,"Hopeful reaction; no analysis"
g206,"Re: Huge VAC wave ongoing",Counter-Strike 2,"yeah banning bots not cheaters",critical,"Evaluates target of bans; delivers judgment"
g207,"Re: Huge VAC wave ongoing",Counter-Strike 2,"The cheat for profit industry is massive…",analytical,"Analyzes industry scale; observation"
g208,"Re: Huge VAC wave ongoing",Counter-Strike 2,"It's still going up, it was about 6000 yesterday, now 9000

There's a lot higher ""connection unstable"" issues in games from people now. 3 people disconnected at once in one game

They returned though",analytical,"Provides updated data; analyzes side effects"
g209,"Re: Huge VAC wave ongoing",Counter-Strike 2,"After the deathmatch nerf, it was only a matter of time.",analytical,"Analyzes cause-effect relationship; explains why ban wave was expected"
g210,"Re: Huge VAC wave ongoing",Counter-Strike 2,"It is game of cat and mouse. One makes a move and other makes adjustments. Right now the farmers are winning. Im still rooting Valve to fix this.",critical,"Evaluates current state; expresses hope for improvement"
g211,"Re: Huge VAC wave ongoing",Counter-Strike 2,"Bots getting banned =/= cheaters are being punished

Until I see another 50 cheaters banned in my CSstats, nothinf has changed.",critical,"Evaluates effectiveness; delivers skeptical judgment"
g212,"Re: Huge VAC wave ongoing",Counter-Strike 2,"There's too many, every game it's about 2-3 per side

Always 30 or less friends, AI generated profile pictures",analytical,"Provides observational evidence; explains bot identification patterns"